{
    "results": [
        {
            "category": "Entertainment: Music",
            "type": "multiple",
            "difficulty": "easy",
            "question": "Which 80s band is fronted by singer/guitarist Robert Smith?",
            "correct_answer": "The Cure",
            "incorrect_answers": [
                "The Smiths",
                "Echo & the Funnymen",
                "New Order"
            ]
        },
        {
            "category": "Science: Mathematics",
            "type": "multiple",
            "difficulty": "easy",
            "question": "What's the square root of 49?",
            "correct_answer": "7",
            "incorrect_answers": [
                "4",
                "12",
                "9"
            ]
        },
        {
            "category": "Entertainment: Video Games",
            "type": "multiple",
            "difficulty": "easy",
            "question": "What year was the game Dishonored released?",
            "correct_answer": "2012",
            "incorrect_answers": [
                "2011",
                "2008",
                "2013"
            ]
        }  
    ]
}